Business Name,Contact Name,Course,Course Date
Blue Maple Consulting,Angela Taylor,Aerial & Scissor Lift Safety,2021-02-05
Blue Maple Bakery,James Hernandez,Asbestos Abatement Awareness,2022-12-16
Blue Maple Studios,Robert Rodriguez,Asbestos Abatement Techniques,2020-10-22
Blue Maple Solutions,Michelle Martin,Chainsaw Operation,2021-10-19
Blue Maple Ventures,Maria Martin,Competent Fall Protection Inspector,2021-09-22
Blue Maple Creations,Emily Taylor,Confined Space Entry Awareness,2022-01-17
Blue Maple Media,James Garcia,Construction Safety,2023-06-27
Blue Maple Design,John Taylor,Counterbalanced Forklift Class 1,2023-03-14
Blue Maple Market,Angela Garcia,Counterbalanced Forklift Class 4,2022-01-16
Blue Maple Boutique,Linda Williams,Counterbalanced Forklift Class 5,2023-01-13
Blue Brick Consulting,Angela Lee,Electrical Arc Flash Awareness,2024-05-08
Blue Brick Bakery,John Miller,Electrical Arc Flash Recertification,2022-01-30
Blue Brick Studios,Daniel Moore,Electrical Arc Flash Safety,2022-02-27
Blue Brick Solutions,Michelle Johnson,Fall Protection Awareness,2022-06-18
Blue Brick Ventures,Alice Lee,Fall Protection Recertification,2023-12-22
Blue Brick Creations,Linda Miller,H2S Alive (Energy Safety Canada),2022-10-30
Blue Brick Media,Linda Perez,Industrial Rigging & Slinging,2022-11-23
Blue Brick Design,Mark Davis,Infection Control,2022-01-03
Blue Brick Market,William Lee,Ladder & Scaffold Safety,2020-09-11
Blue Brick Boutique,David Smith,Mold Abatement Awareness,2023-02-13
Blue Oak Consulting,Emily Hernandez,Mold Abatement Techniques,2021-05-17
Blue Oak Bakery,Jane Garcia,OH&S Committee,2021-06-12
Blue Oak Studios,David Wilson,Power Line Hazards,2023-06-26
Blue Oak Solutions,Laura Jones,Traffic Control Person,2023-01-23
Blue Oak Ventures,Mark Moore,"Trenching, Excavation & Ground Disturbance",2023-01-13
Blue Oak Creations,Linda Lee,WHIMIS 2015,2022-01-02
Blue Oak Media,Michael Thompson,Workplace NL Confined Space,2021-09-12
Blue Oak Design,Michael Moore,Aerial & Scissor Lift Safety,2021-07-05
Blue Oak Market,Sarah Miller,Asbestos Abatement Awareness,2021-09-14
Blue Oak Boutique,Sarah Taylor,Asbestos Abatement Techniques,2025-03-07
Blue River Consulting,Daniel Taylor,Chainsaw Operation,2023-01-11
Blue River Bakery,Maria Lee,Competent Fall Protection Inspector,2022-08-16
Blue River Studios,Michelle Lee,Confined Space Entry Awareness,2020-12-06
Blue River Solutions,Robert Martinez,Construction Safety,2020-08-12
Blue River Ventures,Sarah Hernandez,Counterbalanced Forklift Class 1,2023-04-02
Blue River Creations,James Johnson,Counterbalanced Forklift Class 4,2020-11-28
Blue River Media,Jane Thompson,Counterbalanced Forklift Class 5,2022-11-14
Blue River Design,James Thomas,Electrical Arc Flash Awareness,2023-05-01
Blue River Market,Sarah Thompson,Electrical Arc Flash Recertification,2023-04-02
Blue River Boutique,William Anderson,Electrical Arc Flash Safety,2021-07-29
Blue Valley Consulting,Michael Martin,Fall Protection Awareness,2025-04-30
Blue Valley Bakery,Sarah Smith,Fall Protection Recertification,2023-04-13
Blue Valley Studios,Angela Davis,H2S Alive (Energy Safety Canada),2020-10-14
Blue Valley Solutions,William Rodriguez,Industrial Rigging & Slinging,2020-10-06
Blue Valley Ventures,Alice Miller,Infection Control,2020-09-29
Blue Valley Creations,Angela Wilson,Ladder & Scaffold Safety,2022-12-28
Blue Valley Media,Laura Taylor,Mold Abatement Awareness,2025-05-06
Blue Valley Design,Richard Davis,Mold Abatement Techniques,2024-03-04
Blue Valley Market,Alice Jones,OH&S Committee,2022-02-19
Blue Valley Boutique,Mark Martinez,Power Line Hazards,2025-03-19
Blue Mountain Consulting,Michael Lee,Traffic Control Person,2021-04-21
Blue Mountain Bakery,Charles Williams,"Trenching, Excavation & Ground Disturbance",2024-04-07
Blue Mountain Studios,Alice Smith,WHIMIS 2015,2024-09-11
Blue Mountain Solutions,Richard Williams,Workplace NL Confined Space,2023-06-02
Blue Mountain Ventures,David Anderson,Aerial & Scissor Lift Safety,2024-09-23
Blue Mountain Creations,Mark Brown,Asbestos Abatement Awareness,2024-02-29
Blue Mountain Media,Maria Hernandez,Asbestos Abatement Techniques,2023-03-12
Blue Mountain Design,Alice Davis,Chainsaw Operation,2023-10-24
Blue Mountain Market,Jane Jones,Competent Fall Protection Inspector,2022-05-01
Blue Mountain Boutique,Lisa Martin,Confined Space Entry Awareness,2024-09-09
Blue Harbor Consulting,Robert Hernandez,Construction Safety,2022-06-12
Blue Harbor Bakery,William Perez,Counterbalanced Forklift Class 1,2024-12-21
Blue Harbor Studios,William Davis,Counterbalanced Forklift Class 4,2024-12-27
Blue Harbor Solutions,Charles Wilson,Counterbalanced Forklift Class 5,2024-04-26
Blue Harbor Ventures,Mark Martin,Electrical Arc Flash Awareness,2024-12-03
Blue Harbor Creations,John Garcia,Electrical Arc Flash Recertification,2024-12-26
Blue Harbor Media,Maria Thompson,Electrical Arc Flash Safety,2024-05-17
Blue Harbor Design,Robert Garcia,Fall Protection Awareness,2024-01-11
Blue Harbor Market,John Williams,Fall Protection Recertification,2023-05-07
Blue Harbor Boutique,Charles Perez,H2S Alive (Energy Safety Canada),2023-04-02
Blue Garden Consulting,Charles Jones,Industrial Rigging & Slinging,2022-07-11
Blue Garden Bakery,Laura Rodriguez,Infection Control,2020-07-16
Blue Garden Studios,Richard Anderson,Ladder & Scaffold Safety,2025-03-08
Blue Garden Solutions,William Thomas,Mold Abatement Awareness,2023-06-04
Blue Garden Ventures,Richard Smith,Mold Abatement Techniques,2020-06-30
Blue Garden Creations,Sarah Jones,OH&S Committee,2022-01-07
Blue Garden Media,Robert Brown,Power Line Hazards,2022-11-19
Blue Garden Design,Linda Thomas,Traffic Control Person,2021-11-08
Blue Garden Market,Michael Anderson,"Trenching, Excavation & Ground Disturbance",2024-01-01
Blue Garden Boutique,Daniel Miller,WHIMIS 2015,2021-04-01
Blue Trail Consulting,William Smith,Workplace NL Confined Space,2022-09-12
Blue Trail Bakery,Angela Johnson,Aerial & Scissor Lift Safety,2021-09-20
Blue Trail Studios,Charles Martin,Asbestos Abatement Awareness,2021-03-01
Blue Trail Solutions,Robert Lee,Asbestos Abatement Techniques,2022-02-08
Blue Trail Ventures,Emily Miller,Chainsaw Operation,2024-02-11
Blue Trail Creations,Sarah Martinez,Competent Fall Protection Inspector,2021-06-06
Blue Trail Media,Maria Moore,Confined Space Entry Awareness,2025-01-06
Blue Trail Design,Lisa Johnson,Construction Safety,2023-06-16
Blue Trail Market,William Miller,Counterbalanced Forklift Class 1,2022-05-07
Blue Trail Boutique,Emily Thompson,Counterbalanced Forklift Class 4,2025-04-20
Blue Horizon Consulting,John Wilson,Counterbalanced Forklift Class 5,2022-12-20
Blue Horizon Bakery,William Jones,Electrical Arc Flash Awareness,2022-06-05
Blue Horizon Studios,Robert Wilson,Electrical Arc Flash Recertification,2023-05-30
Blue Horizon Solutions,Maria Garcia,Electrical Arc Flash Safety,2021-07-17
Blue Horizon Ventures,John Thompson,Fall Protection Awareness,2022-12-11
Blue Horizon Creations,James Williams,Fall Protection Recertification,2021-04-29
Blue Horizon Media,Mark Garcia,H2S Alive (Energy Safety Canada),2025-03-31
Blue Horizon Design,Charles Lee,Industrial Rigging & Slinging,2021-07-28
Blue Horizon Market,Emily Williams,Infection Control,2020-12-29
Blue Horizon Boutique,David Martin,Ladder & Scaffold Safety,2022-01-30
